INSERT [dbo].[AspNetRoles] ([Id], [Name]) VALUES (N'F9E26361-A6AA-4BD7-8E73-74E05A63B3C2', N'admin')
INSERT [dbo].[AspNetRoles] ([Id], [Name]) VALUES (N'65197B85-4696-40A5-9007-32E130DA7280', N'guest')
INSERT [dbo].[AspNetResources] ([Id], [Name], [Operations]) VALUES (N'00848a57-f3cb-462f-8b0e-31a94a52ce72', N'AdminIdentityResources-Delete-get', 2)
INSERT [dbo].[AspNetResources] ([Id], [Name], [Operations]) VALUES (N'034dcc9a-a3d9-475d-bc21-3ab487deb93b', N'AdminIdentityRoles-Details-get', 2)
INSERT [dbo].[AspNetResources] ([Id], [Name], [Operations]) VALUES (N'040e8600-ac9d-4fe8-8119-4303a69e5b31', N'AdminEventsSponsorship-Create-get', 2)
INSERT [dbo].[AspNetResources] ([Id], [Name], [Operations]) VALUES (N'07be7a9d-c9d2-47e3-9458-f3ca17d6d31d', N'AdminIdentityRoles-Create-post', 1)
INSERT [dbo].[AspNetResources] ([Id], [Name], [Operations]) VALUES (N'08d3b15b-499e-4ab3-9292-858585b78ae5', N'AdminEventsSponsors-Create-post', 1)
INSERT [dbo].[AspNetResources] ([Id], [Name], [Operations]) VALUES (N'0e36d4e2-e9d6-446e-9e74-dc51d00985a1', N'AdminIdentityRoles-Delete-post', 8)
INSERT [dbo].[AspNetResources] ([Id], [Name], [Operations]) VALUES (N'0fd30bd4-12d7-4d74-a45c-06968c6683b4', N'AccountManager-LinkLogin-post', 4)
INSERT [dbo].[AspNetResources] ([Id], [Name], [Operations]) VALUES (N'11c5788f-c0b8-46d1-8c22-84a8539f1996', N'AccountManager-RemoveLogin-get', 2)
INSERT [dbo].[AspNetResources] ([Id], [Name], [Operations]) VALUES (N'1201b391-1145-4dc5-b183-6441a09c1394', N'AdminEventsSponsors-Index-get', 2)
INSERT [dbo].[AspNetResources] ([Id], [Name], [Operations]) VALUES (N'15af92ba-aeda-4445-9470-507313a134f8', N'AdminIdentityRoles-Index-get', 2)
INSERT [dbo].[AspNetResources] ([Id], [Name], [Operations]) VALUES (N'1d333781-e7d4-4f30-bdd0-b2fe73b41f5f', N'AccountManager-VerifyPhoneNumber-get', 2)
INSERT [dbo].[AspNetResources] ([Id], [Name], [Operations]) VALUES (N'1f2e1c4f-00da-41b0-9ffb-1c585fd92ac1', N'AdminEventsSponsorship-Create-post', 1)
INSERT [dbo].[AspNetResources] ([Id], [Name], [Operations]) VALUES (N'1fa8b031-617e-4eb7-a9ea-034c67f49cec', N'AdminEvents-Edit-get', 18)
INSERT [dbo].[AspNetResources] ([Id], [Name], [Operations]) VALUES (N'2193e707-48cc-4d69-8f1e-9ce0d437265c', N'AccountManager-ChangePassword-post', 4)
INSERT [dbo].[AspNetResources] ([Id], [Name], [Operations]) VALUES (N'23448f56-8625-4716-ae91-007215cdaad8', N'AccountManager-AddPhoneNumber-post', 1)
INSERT [dbo].[AspNetResources] ([Id], [Name], [Operations]) VALUES (N'27eb4185-ae3b-4369-8043-291e318e388a', N'AdminIdentityUsers-Edit-post', 1)
INSERT [dbo].[AspNetResources] ([Id], [Name], [Operations]) VALUES (N'2c90eb05-3e7a-45ac-aa01-94602884c576', N'AdminIdentityResources-Delete-post', 8)
INSERT [dbo].[AspNetResources] ([Id], [Name], [Operations]) VALUES (N'2d5e3620-514e-4fec-ba67-7f8ff20ef08d', N'Account-SendEmailConfirmationTokenAsync-get', 2)
INSERT [dbo].[AspNetResources] ([Id], [Name], [Operations]) VALUES (N'3296ea12-99ab-4123-9de5-91f114803d6b', N'AdminEventsSponsorship-Edit-post', 4)
INSERT [dbo].[AspNetResources] ([Id], [Name], [Operations]) VALUES (N'35d39ae6-1492-49ba-b1ab-ad8391f37dce', N'AdminIdentityUsers-Edit-get', 2)
INSERT [dbo].[AspNetResources] ([Id], [Name], [Operations]) VALUES (N'364676ce-db7a-422f-9743-38bbaaa164ee', N'AdminSystemSettings-Delete-post', 8)
INSERT [dbo].[AspNetResources] ([Id], [Name], [Operations]) VALUES (N'3b8a978d-2e76-4fcb-9527-638c452cc44f', N'AdminIdentityResources-Details-get', 2)
INSERT [dbo].[AspNetResources] ([Id], [Name], [Operations]) VALUES (N'3c4ad39f-4f23-454e-8885-b4428cfb6cb5', N'Account-LogOff-post', 4)
INSERT [dbo].[AspNetResources] ([Id], [Name], [Operations]) VALUES (N'3d073734-43dc-4f7b-b7d5-d3dea6d8b5b6', N'AdminOrganizations-Index-get', 18)
INSERT [dbo].[AspNetResources] ([Id], [Name], [Operations]) VALUES (N'494c909c-bf84-4e56-9d11-e2f3558af138', N'AccountManager-ChangePassword-get', 2)
INSERT [dbo].[AspNetResources] ([Id], [Name], [Operations]) VALUES (N'49618537-e3eb-46ad-9735-e56cffb60b04', N'AccountManager-LinkLoginCallback-get', 2)
INSERT [dbo].[AspNetResources] ([Id], [Name], [Operations]) VALUES (N'4b88dc4d-e005-4c89-8a99-27b3d24f6e58', N'AdminEvents-Create-get', 18)
INSERT [dbo].[AspNetResources] ([Id], [Name], [Operations]) VALUES (N'4d354fce-4d98-4530-bfb6-2610361398fd', N'AdminIdentityRoles-Edit-post', 4)
INSERT [dbo].[AspNetResources] ([Id], [Name], [Operations]) VALUES (N'4fad6f0a-8a2e-49e9-834b-f19146a06fa9', N'AdminOrganizations-Create-post', 19)
INSERT [dbo].[AspNetResources] ([Id], [Name], [Operations]) VALUES (N'55519c3f-1c57-4464-8e1e-6f03cf07cc17', N'AdminSystemSettings-Details-get', 2)
INSERT [dbo].[AspNetResources] ([Id], [Name], [Operations]) VALUES (N'5766c111-e4c2-457a-8087-7970d96d8175', N'AccountManager-SetPassword-get', 2)
INSERT [dbo].[AspNetResources] ([Id], [Name], [Operations]) VALUES (N'5af0dcfd-10a5-415d-aea5-bd49cf1cef6a', N'AccountManager-VerifyPhoneNumber-post', 4)
INSERT [dbo].[AspNetResources] ([Id], [Name], [Operations]) VALUES (N'5be9c192-1ed2-471f-90c4-e29a4f225508', N'AccountManager-EnableTwoFactorAuthentication-post', 4)
INSERT [dbo].[AspNetResources] ([Id], [Name], [Operations]) VALUES (N'612a1155-8e5d-4e50-a53f-acabc5ad0863', N'AccountManager-ManageLogins-get', 2)
INSERT [dbo].[AspNetResources] ([Id], [Name], [Operations]) VALUES (N'634740c4-d09a-4699-8327-340507785415', N'AdminSystemSettings-Create-post', 1)
INSERT [dbo].[AspNetResources] ([Id], [Name], [Operations]) VALUES (N'6724a391-155a-4e6f-9b8b-13184b6a9083', N'AdminIdentityRoles-Edit-get', 2)
INSERT [dbo].[AspNetResources] ([Id], [Name], [Operations]) VALUES (N'74f2e0bf-ee65-44d0-8836-021aebb46981', N'AdminIdentityResources-Index-get', 2)
INSERT [dbo].[AspNetResources] ([Id], [Name], [Operations]) VALUES (N'7d6064a8-ac57-4e1b-8488-ab535b5c9183', N'AdminIdentityUsers-Index-get', 2)
INSERT [dbo].[AspNetResources] ([Id], [Name], [Operations]) VALUES (N'840d1ecd-1d04-43e9-8354-aa9183065074', N'AccountManager-DisableTwoFactorAuthentication-post', 4)
INSERT [dbo].[AspNetResources] ([Id], [Name], [Operations]) VALUES (N'98acaa7c-dba7-49f3-9bde-73c1f99a1d2c', N'AdminSystemSettings-Index-get', 2)
INSERT [dbo].[AspNetResources] ([Id], [Name], [Operations]) VALUES (N'9d43cd3f-40bf-4061-bc08-2436481bbbcd', N'AccountManager-RemoveLogin-post', 4)
INSERT [dbo].[AspNetResources] ([Id], [Name], [Operations]) VALUES (N'9e0cf246-263e-491c-b4cf-a6a3dd1c470f', N'AdminSystemSettings-Edit-get', 2)
INSERT [dbo].[AspNetResources] ([Id], [Name], [Operations]) VALUES (N'9e84205d-8054-4f16-b56e-3acf01325988', N'AdminOrganizations-Create-get', 19)
INSERT [dbo].[AspNetResources] ([Id], [Name], [Operations]) VALUES (N'9f0dbbb9-b935-439d-b8fb-91983c54addb', N'AccountManager-RemovePhoneNumber-get', 6)
INSERT [dbo].[AspNetResources] ([Id], [Name], [Operations]) VALUES (N'af373702-550a-487a-a218-ffd6ed622577', N'AdminIdentityResources-Edit-get', 2)
INSERT [dbo].[AspNetResources] ([Id], [Name], [Operations]) VALUES (N'b25767f6-640f-4ba3-b3d1-03a07addb64b', N'AdminIdentityUsers-Details-get', 2)
INSERT [dbo].[AspNetResources] ([Id], [Name], [Operations]) VALUES (N'b88c1b1a-03be-49f2-b99a-1bb45491d662', N'AccountManager-SetPassword-post', 4)
INSERT [dbo].[AspNetResources] ([Id], [Name], [Operations]) VALUES (N'baba09eb-3905-47bc-8ae3-eaaebeba6139', N'AdminIdentityRoles-Create-get', 2)
INSERT [dbo].[AspNetResources] ([Id], [Name], [Operations]) VALUES (N'bdf86458-4bb5-45ee-b256-1377f071daf3', N'AdminSystemSettings-Delete-get', 2)
INSERT [dbo].[AspNetResources] ([Id], [Name], [Operations]) VALUES (N'c2252f58-d265-4817-a92a-c7fa8c2e5189', N'AdminEvents-Edit-post', 19)
INSERT [dbo].[AspNetResources] ([Id], [Name], [Operations]) VALUES (N'c83a4ec1-6321-479f-8b03-59aa0174df0d', N'AccountManager-Index-get', 2)
INSERT [dbo].[AspNetResources] ([Id], [Name], [Operations]) VALUES (N'cbc51bbd-cc17-4b9e-b580-f3bdb0354217', N'AdminEventsSponsors-Create-get', 2)
INSERT [dbo].[AspNetResources] ([Id], [Name], [Operations]) VALUES (N'd5cf959d-82c4-455d-b0f4-a90ae985697e', N'AdminEventsSponsorship-Edit-get', 2)
INSERT [dbo].[AspNetResources] ([Id], [Name], [Operations]) VALUES (N'd87f0282-815b-4c13-b709-e1a1f0dfccb4', N'AdminEvents-Index-get', 2)
INSERT [dbo].[AspNetResources] ([Id], [Name], [Operations]) VALUES (N'da323f8d-4a12-4222-8177-7bf665509af6', N'AdminEventsSponsorship-Index-get', 2)
INSERT [dbo].[AspNetResources] ([Id], [Name], [Operations]) VALUES (N'db5880ab-1295-4f63-977e-0fa6409caac5', N'AdminIdentityResources-Edit-post', 4)
INSERT [dbo].[AspNetResources] ([Id], [Name], [Operations]) VALUES (N'de1ca8db-8046-4aba-9612-8a672fe49f68', N'AccountManager-AddPhoneNumber-get', 2)
INSERT [dbo].[AspNetResources] ([Id], [Name], [Operations]) VALUES (N'e1046f5c-b888-44f6-a3c2-d46ca1f458d7', N'AdminIdentityResources-Create-post', 1)
INSERT [dbo].[AspNetResources] ([Id], [Name], [Operations]) VALUES (N'e30ba77a-0c5b-4886-895a-ca7e641ce18f', N'AdminIdentityRoles-Delete-get', 2)
INSERT [dbo].[AspNetResources] ([Id], [Name], [Operations]) VALUES (N'e3ed7fe1-2342-4af0-b32f-0a66207f7708', N'AdminIdentityUsers-Create-post', 1)
INSERT [dbo].[AspNetResources] ([Id], [Name], [Operations]) VALUES (N'e92dba5d-f4e5-4d8a-a792-aa8df7c08a0a', N'AdminIdentityResources-Create-get', 2)
INSERT [dbo].[AspNetResources] ([Id], [Name], [Operations]) VALUES (N'eff25cb0-81e7-4d25-823e-d0a95d425828', N'AdminSystemSettings-Create-get', 2)
INSERT [dbo].[AspNetResources] ([Id], [Name], [Operations]) VALUES (N'f569b679-43fc-4f11-add2-52a3536a97ae', N'AdminSystemSettings-Edit-post', 4)
INSERT [dbo].[AspNetResources] ([Id], [Name], [Operations]) VALUES (N'faeaf909-5289-4a70-926b-b353646177ce', N'AdminIdentityUsers-Create-get', 3)
INSERT [dbo].[AspNetResources] ([Id], [Name], [Operations]) VALUES (N'fef25312-6510-416b-bee7-46f7829c542b', N'AdminEvents-Create-post', 19)
INSERT [dbo].[AspNetRoleResources] ([RoleId], [ResourceId], [Operations]) VALUES (N'65197B85-4696-40A5-9007-32E130DA7280', N'0fd30bd4-12d7-4d74-a45c-06968c6683b4', 4)
INSERT [dbo].[AspNetRoleResources] ([RoleId], [ResourceId], [Operations]) VALUES (N'65197B85-4696-40A5-9007-32E130DA7280', N'11c5788f-c0b8-46d1-8c22-84a8539f1996', 2)
INSERT [dbo].[AspNetRoleResources] ([RoleId], [ResourceId], [Operations]) VALUES (N'65197B85-4696-40A5-9007-32E130DA7280', N'1d333781-e7d4-4f30-bdd0-b2fe73b41f5f', 2)
INSERT [dbo].[AspNetRoleResources] ([RoleId], [ResourceId], [Operations]) VALUES (N'65197B85-4696-40A5-9007-32E130DA7280', N'2193e707-48cc-4d69-8f1e-9ce0d437265c', 4)
INSERT [dbo].[AspNetRoleResources] ([RoleId], [ResourceId], [Operations]) VALUES (N'65197B85-4696-40A5-9007-32E130DA7280', N'23448f56-8625-4716-ae91-007215cdaad8', 1)
INSERT [dbo].[AspNetRoleResources] ([RoleId], [ResourceId], [Operations]) VALUES (N'65197B85-4696-40A5-9007-32E130DA7280', N'2d5e3620-514e-4fec-ba67-7f8ff20ef08d', 2)
INSERT [dbo].[AspNetRoleResources] ([RoleId], [ResourceId], [Operations]) VALUES (N'65197B85-4696-40A5-9007-32E130DA7280', N'3c4ad39f-4f23-454e-8885-b4428cfb6cb5', 4)
INSERT [dbo].[AspNetRoleResources] ([RoleId], [ResourceId], [Operations]) VALUES (N'65197B85-4696-40A5-9007-32E130DA7280', N'494c909c-bf84-4e56-9d11-e2f3558af138', 2)
INSERT [dbo].[AspNetRoleResources] ([RoleId], [ResourceId], [Operations]) VALUES (N'65197B85-4696-40A5-9007-32E130DA7280', N'49618537-e3eb-46ad-9735-e56cffb60b04', 2)
INSERT [dbo].[AspNetRoleResources] ([RoleId], [ResourceId], [Operations]) VALUES (N'65197B85-4696-40A5-9007-32E130DA7280', N'5766c111-e4c2-457a-8087-7970d96d8175', 2)
INSERT [dbo].[AspNetRoleResources] ([RoleId], [ResourceId], [Operations]) VALUES (N'65197B85-4696-40A5-9007-32E130DA7280', N'5af0dcfd-10a5-415d-aea5-bd49cf1cef6a', 4)
INSERT [dbo].[AspNetRoleResources] ([RoleId], [ResourceId], [Operations]) VALUES (N'65197B85-4696-40A5-9007-32E130DA7280', N'5be9c192-1ed2-471f-90c4-e29a4f225508', 4)
INSERT [dbo].[AspNetRoleResources] ([RoleId], [ResourceId], [Operations]) VALUES (N'65197B85-4696-40A5-9007-32E130DA7280', N'612a1155-8e5d-4e50-a53f-acabc5ad0863', 2)
INSERT [dbo].[AspNetRoleResources] ([RoleId], [ResourceId], [Operations]) VALUES (N'65197B85-4696-40A5-9007-32E130DA7280', N'840d1ecd-1d04-43e9-8354-aa9183065074', 4)
INSERT [dbo].[AspNetRoleResources] ([RoleId], [ResourceId], [Operations]) VALUES (N'65197B85-4696-40A5-9007-32E130DA7280', N'9d43cd3f-40bf-4061-bc08-2436481bbbcd', 4)
INSERT [dbo].[AspNetRoleResources] ([RoleId], [ResourceId], [Operations]) VALUES (N'65197B85-4696-40A5-9007-32E130DA7280', N'9f0dbbb9-b935-439d-b8fb-91983c54addb', 6)
INSERT [dbo].[AspNetRoleResources] ([RoleId], [ResourceId], [Operations]) VALUES (N'65197B85-4696-40A5-9007-32E130DA7280', N'b88c1b1a-03be-49f2-b99a-1bb45491d662', 4)
INSERT [dbo].[AspNetRoleResources] ([RoleId], [ResourceId], [Operations]) VALUES (N'65197B85-4696-40A5-9007-32E130DA7280', N'c83a4ec1-6321-479f-8b03-59aa0174df0d', 2)
INSERT [dbo].[AspNetRoleResources] ([RoleId], [ResourceId], [Operations]) VALUES (N'65197B85-4696-40A5-9007-32E130DA7280', N'de1ca8db-8046-4aba-9612-8a672fe49f68', 2)
INSERT [dbo].[AspNetRoleResources] ([RoleId], [ResourceId], [Operations]) VALUES (N'F9E26361-A6AA-4BD7-8E73-74E05A63B3C2', N'00848a57-f3cb-462f-8b0e-31a94a52ce72', 2)
INSERT [dbo].[AspNetRoleResources] ([RoleId], [ResourceId], [Operations]) VALUES (N'F9E26361-A6AA-4BD7-8E73-74E05A63B3C2', N'034dcc9a-a3d9-475d-bc21-3ab487deb93b', 2)
INSERT [dbo].[AspNetRoleResources] ([RoleId], [ResourceId], [Operations]) VALUES (N'F9E26361-A6AA-4BD7-8E73-74E05A63B3C2', N'040e8600-ac9d-4fe8-8119-4303a69e5b31', 2)
INSERT [dbo].[AspNetRoleResources] ([RoleId], [ResourceId], [Operations]) VALUES (N'F9E26361-A6AA-4BD7-8E73-74E05A63B3C2', N'07be7a9d-c9d2-47e3-9458-f3ca17d6d31d', 1)
INSERT [dbo].[AspNetRoleResources] ([RoleId], [ResourceId], [Operations]) VALUES (N'F9E26361-A6AA-4BD7-8E73-74E05A63B3C2', N'08d3b15b-499e-4ab3-9292-858585b78ae5', 1)
INSERT [dbo].[AspNetRoleResources] ([RoleId], [ResourceId], [Operations]) VALUES (N'F9E26361-A6AA-4BD7-8E73-74E05A63B3C2', N'0e36d4e2-e9d6-446e-9e74-dc51d00985a1', 8)
INSERT [dbo].[AspNetRoleResources] ([RoleId], [ResourceId], [Operations]) VALUES (N'F9E26361-A6AA-4BD7-8E73-74E05A63B3C2', N'0fd30bd4-12d7-4d74-a45c-06968c6683b4', 4)
INSERT [dbo].[AspNetRoleResources] ([RoleId], [ResourceId], [Operations]) VALUES (N'F9E26361-A6AA-4BD7-8E73-74E05A63B3C2', N'11c5788f-c0b8-46d1-8c22-84a8539f1996', 2)
INSERT [dbo].[AspNetRoleResources] ([RoleId], [ResourceId], [Operations]) VALUES (N'F9E26361-A6AA-4BD7-8E73-74E05A63B3C2', N'1201b391-1145-4dc5-b183-6441a09c1394', 2)
INSERT [dbo].[AspNetRoleResources] ([RoleId], [ResourceId], [Operations]) VALUES (N'F9E26361-A6AA-4BD7-8E73-74E05A63B3C2', N'15af92ba-aeda-4445-9470-507313a134f8', 2)
INSERT [dbo].[AspNetRoleResources] ([RoleId], [ResourceId], [Operations]) VALUES (N'F9E26361-A6AA-4BD7-8E73-74E05A63B3C2', N'1d333781-e7d4-4f30-bdd0-b2fe73b41f5f', 2)
INSERT [dbo].[AspNetRoleResources] ([RoleId], [ResourceId], [Operations]) VALUES (N'F9E26361-A6AA-4BD7-8E73-74E05A63B3C2', N'1f2e1c4f-00da-41b0-9ffb-1c585fd92ac1', 1)
INSERT [dbo].[AspNetRoleResources] ([RoleId], [ResourceId], [Operations]) VALUES (N'F9E26361-A6AA-4BD7-8E73-74E05A63B3C2', N'1fa8b031-617e-4eb7-a9ea-034c67f49cec', 18)
INSERT [dbo].[AspNetRoleResources] ([RoleId], [ResourceId], [Operations]) VALUES (N'F9E26361-A6AA-4BD7-8E73-74E05A63B3C2', N'2193e707-48cc-4d69-8f1e-9ce0d437265c', 4)
INSERT [dbo].[AspNetRoleResources] ([RoleId], [ResourceId], [Operations]) VALUES (N'F9E26361-A6AA-4BD7-8E73-74E05A63B3C2', N'23448f56-8625-4716-ae91-007215cdaad8', 1)
INSERT [dbo].[AspNetRoleResources] ([RoleId], [ResourceId], [Operations]) VALUES (N'F9E26361-A6AA-4BD7-8E73-74E05A63B3C2', N'27eb4185-ae3b-4369-8043-291e318e388a', 1)
INSERT [dbo].[AspNetRoleResources] ([RoleId], [ResourceId], [Operations]) VALUES (N'F9E26361-A6AA-4BD7-8E73-74E05A63B3C2', N'2c90eb05-3e7a-45ac-aa01-94602884c576', 8)
INSERT [dbo].[AspNetRoleResources] ([RoleId], [ResourceId], [Operations]) VALUES (N'F9E26361-A6AA-4BD7-8E73-74E05A63B3C2', N'2d5e3620-514e-4fec-ba67-7f8ff20ef08d', 2)
INSERT [dbo].[AspNetRoleResources] ([RoleId], [ResourceId], [Operations]) VALUES (N'F9E26361-A6AA-4BD7-8E73-74E05A63B3C2', N'3296ea12-99ab-4123-9de5-91f114803d6b', 4)
INSERT [dbo].[AspNetRoleResources] ([RoleId], [ResourceId], [Operations]) VALUES (N'F9E26361-A6AA-4BD7-8E73-74E05A63B3C2', N'35d39ae6-1492-49ba-b1ab-ad8391f37dce', 2)
INSERT [dbo].[AspNetRoleResources] ([RoleId], [ResourceId], [Operations]) VALUES (N'F9E26361-A6AA-4BD7-8E73-74E05A63B3C2', N'364676ce-db7a-422f-9743-38bbaaa164ee', 8)
INSERT [dbo].[AspNetRoleResources] ([RoleId], [ResourceId], [Operations]) VALUES (N'F9E26361-A6AA-4BD7-8E73-74E05A63B3C2', N'3b8a978d-2e76-4fcb-9527-638c452cc44f', 2)
INSERT [dbo].[AspNetRoleResources] ([RoleId], [ResourceId], [Operations]) VALUES (N'F9E26361-A6AA-4BD7-8E73-74E05A63B3C2', N'3c4ad39f-4f23-454e-8885-b4428cfb6cb5', 4)
INSERT [dbo].[AspNetRoleResources] ([RoleId], [ResourceId], [Operations]) VALUES (N'F9E26361-A6AA-4BD7-8E73-74E05A63B3C2', N'3d073734-43dc-4f7b-b7d5-d3dea6d8b5b6', 18)
INSERT [dbo].[AspNetRoleResources] ([RoleId], [ResourceId], [Operations]) VALUES (N'F9E26361-A6AA-4BD7-8E73-74E05A63B3C2', N'494c909c-bf84-4e56-9d11-e2f3558af138', 2)
INSERT [dbo].[AspNetRoleResources] ([RoleId], [ResourceId], [Operations]) VALUES (N'F9E26361-A6AA-4BD7-8E73-74E05A63B3C2', N'49618537-e3eb-46ad-9735-e56cffb60b04', 2)
INSERT [dbo].[AspNetRoleResources] ([RoleId], [ResourceId], [Operations]) VALUES (N'F9E26361-A6AA-4BD7-8E73-74E05A63B3C2', N'4b88dc4d-e005-4c89-8a99-27b3d24f6e58', 18)
INSERT [dbo].[AspNetRoleResources] ([RoleId], [ResourceId], [Operations]) VALUES (N'F9E26361-A6AA-4BD7-8E73-74E05A63B3C2', N'4d354fce-4d98-4530-bfb6-2610361398fd', 4)
INSERT [dbo].[AspNetRoleResources] ([RoleId], [ResourceId], [Operations]) VALUES (N'F9E26361-A6AA-4BD7-8E73-74E05A63B3C2', N'4fad6f0a-8a2e-49e9-834b-f19146a06fa9', 19)
INSERT [dbo].[AspNetRoleResources] ([RoleId], [ResourceId], [Operations]) VALUES (N'F9E26361-A6AA-4BD7-8E73-74E05A63B3C2', N'55519c3f-1c57-4464-8e1e-6f03cf07cc17', 2)
INSERT [dbo].[AspNetRoleResources] ([RoleId], [ResourceId], [Operations]) VALUES (N'F9E26361-A6AA-4BD7-8E73-74E05A63B3C2', N'5766c111-e4c2-457a-8087-7970d96d8175', 2)
INSERT [dbo].[AspNetRoleResources] ([RoleId], [ResourceId], [Operations]) VALUES (N'F9E26361-A6AA-4BD7-8E73-74E05A63B3C2', N'5af0dcfd-10a5-415d-aea5-bd49cf1cef6a', 4)
INSERT [dbo].[AspNetRoleResources] ([RoleId], [ResourceId], [Operations]) VALUES (N'F9E26361-A6AA-4BD7-8E73-74E05A63B3C2', N'5be9c192-1ed2-471f-90c4-e29a4f225508', 4)
INSERT [dbo].[AspNetRoleResources] ([RoleId], [ResourceId], [Operations]) VALUES (N'F9E26361-A6AA-4BD7-8E73-74E05A63B3C2', N'612a1155-8e5d-4e50-a53f-acabc5ad0863', 2)
INSERT [dbo].[AspNetRoleResources] ([RoleId], [ResourceId], [Operations]) VALUES (N'F9E26361-A6AA-4BD7-8E73-74E05A63B3C2', N'634740c4-d09a-4699-8327-340507785415', 1)
INSERT [dbo].[AspNetRoleResources] ([RoleId], [ResourceId], [Operations]) VALUES (N'F9E26361-A6AA-4BD7-8E73-74E05A63B3C2', N'6724a391-155a-4e6f-9b8b-13184b6a9083', 2)
INSERT [dbo].[AspNetRoleResources] ([RoleId], [ResourceId], [Operations]) VALUES (N'F9E26361-A6AA-4BD7-8E73-74E05A63B3C2', N'74f2e0bf-ee65-44d0-8836-021aebb46981', 2)
INSERT [dbo].[AspNetRoleResources] ([RoleId], [ResourceId], [Operations]) VALUES (N'F9E26361-A6AA-4BD7-8E73-74E05A63B3C2', N'7d6064a8-ac57-4e1b-8488-ab535b5c9183', 2)
INSERT [dbo].[AspNetRoleResources] ([RoleId], [ResourceId], [Operations]) VALUES (N'F9E26361-A6AA-4BD7-8E73-74E05A63B3C2', N'840d1ecd-1d04-43e9-8354-aa9183065074', 4)
INSERT [dbo].[AspNetRoleResources] ([RoleId], [ResourceId], [Operations]) VALUES (N'F9E26361-A6AA-4BD7-8E73-74E05A63B3C2', N'98acaa7c-dba7-49f3-9bde-73c1f99a1d2c', 2)
INSERT [dbo].[AspNetRoleResources] ([RoleId], [ResourceId], [Operations]) VALUES (N'F9E26361-A6AA-4BD7-8E73-74E05A63B3C2', N'9d43cd3f-40bf-4061-bc08-2436481bbbcd', 4)
INSERT [dbo].[AspNetRoleResources] ([RoleId], [ResourceId], [Operations]) VALUES (N'F9E26361-A6AA-4BD7-8E73-74E05A63B3C2', N'9e0cf246-263e-491c-b4cf-a6a3dd1c470f', 2)
INSERT [dbo].[AspNetRoleResources] ([RoleId], [ResourceId], [Operations]) VALUES (N'F9E26361-A6AA-4BD7-8E73-74E05A63B3C2', N'9e84205d-8054-4f16-b56e-3acf01325988', 19)
INSERT [dbo].[AspNetRoleResources] ([RoleId], [ResourceId], [Operations]) VALUES (N'F9E26361-A6AA-4BD7-8E73-74E05A63B3C2', N'9f0dbbb9-b935-439d-b8fb-91983c54addb', 6)
INSERT [dbo].[AspNetRoleResources] ([RoleId], [ResourceId], [Operations]) VALUES (N'F9E26361-A6AA-4BD7-8E73-74E05A63B3C2', N'af373702-550a-487a-a218-ffd6ed622577', 2)
INSERT [dbo].[AspNetRoleResources] ([RoleId], [ResourceId], [Operations]) VALUES (N'F9E26361-A6AA-4BD7-8E73-74E05A63B3C2', N'b25767f6-640f-4ba3-b3d1-03a07addb64b', 2)
INSERT [dbo].[AspNetRoleResources] ([RoleId], [ResourceId], [Operations]) VALUES (N'F9E26361-A6AA-4BD7-8E73-74E05A63B3C2', N'b88c1b1a-03be-49f2-b99a-1bb45491d662', 4)
INSERT [dbo].[AspNetRoleResources] ([RoleId], [ResourceId], [Operations]) VALUES (N'F9E26361-A6AA-4BD7-8E73-74E05A63B3C2', N'baba09eb-3905-47bc-8ae3-eaaebeba6139', 2)
INSERT [dbo].[AspNetRoleResources] ([RoleId], [ResourceId], [Operations]) VALUES (N'F9E26361-A6AA-4BD7-8E73-74E05A63B3C2', N'bdf86458-4bb5-45ee-b256-1377f071daf3', 2)
INSERT [dbo].[AspNetRoleResources] ([RoleId], [ResourceId], [Operations]) VALUES (N'F9E26361-A6AA-4BD7-8E73-74E05A63B3C2', N'c2252f58-d265-4817-a92a-c7fa8c2e5189', 19)
INSERT [dbo].[AspNetRoleResources] ([RoleId], [ResourceId], [Operations]) VALUES (N'F9E26361-A6AA-4BD7-8E73-74E05A63B3C2', N'c83a4ec1-6321-479f-8b03-59aa0174df0d', 2)
INSERT [dbo].[AspNetRoleResources] ([RoleId], [ResourceId], [Operations]) VALUES (N'F9E26361-A6AA-4BD7-8E73-74E05A63B3C2', N'cbc51bbd-cc17-4b9e-b580-f3bdb0354217', 2)
INSERT [dbo].[AspNetRoleResources] ([RoleId], [ResourceId], [Operations]) VALUES (N'F9E26361-A6AA-4BD7-8E73-74E05A63B3C2', N'd5cf959d-82c4-455d-b0f4-a90ae985697e', 2)
INSERT [dbo].[AspNetRoleResources] ([RoleId], [ResourceId], [Operations]) VALUES (N'F9E26361-A6AA-4BD7-8E73-74E05A63B3C2', N'd87f0282-815b-4c13-b709-e1a1f0dfccb4', 2)
INSERT [dbo].[AspNetRoleResources] ([RoleId], [ResourceId], [Operations]) VALUES (N'F9E26361-A6AA-4BD7-8E73-74E05A63B3C2', N'da323f8d-4a12-4222-8177-7bf665509af6', 2)
INSERT [dbo].[AspNetRoleResources] ([RoleId], [ResourceId], [Operations]) VALUES (N'F9E26361-A6AA-4BD7-8E73-74E05A63B3C2', N'db5880ab-1295-4f63-977e-0fa6409caac5', 4)
INSERT [dbo].[AspNetRoleResources] ([RoleId], [ResourceId], [Operations]) VALUES (N'F9E26361-A6AA-4BD7-8E73-74E05A63B3C2', N'de1ca8db-8046-4aba-9612-8a672fe49f68', 2)
INSERT [dbo].[AspNetRoleResources] ([RoleId], [ResourceId], [Operations]) VALUES (N'F9E26361-A6AA-4BD7-8E73-74E05A63B3C2', N'e1046f5c-b888-44f6-a3c2-d46ca1f458d7', 1)
INSERT [dbo].[AspNetRoleResources] ([RoleId], [ResourceId], [Operations]) VALUES (N'F9E26361-A6AA-4BD7-8E73-74E05A63B3C2', N'e30ba77a-0c5b-4886-895a-ca7e641ce18f', 2)
INSERT [dbo].[AspNetRoleResources] ([RoleId], [ResourceId], [Operations]) VALUES (N'F9E26361-A6AA-4BD7-8E73-74E05A63B3C2', N'e3ed7fe1-2342-4af0-b32f-0a66207f7708', 1)
INSERT [dbo].[AspNetRoleResources] ([RoleId], [ResourceId], [Operations]) VALUES (N'F9E26361-A6AA-4BD7-8E73-74E05A63B3C2', N'e92dba5d-f4e5-4d8a-a792-aa8df7c08a0a', 2)
INSERT [dbo].[AspNetRoleResources] ([RoleId], [ResourceId], [Operations]) VALUES (N'F9E26361-A6AA-4BD7-8E73-74E05A63B3C2', N'eff25cb0-81e7-4d25-823e-d0a95d425828', 2)
INSERT [dbo].[AspNetRoleResources] ([RoleId], [ResourceId], [Operations]) VALUES (N'F9E26361-A6AA-4BD7-8E73-74E05A63B3C2', N'f569b679-43fc-4f11-add2-52a3536a97ae', 4)
INSERT [dbo].[AspNetRoleResources] ([RoleId], [ResourceId], [Operations]) VALUES (N'F9E26361-A6AA-4BD7-8E73-74E05A63B3C2', N'faeaf909-5289-4a70-926b-b353646177ce', 3)
INSERT [dbo].[AspNetRoleResources] ([RoleId], [ResourceId], [Operations]) VALUES (N'F9E26361-A6AA-4BD7-8E73-74E05A63B3C2', N'fef25312-6510-416b-bee7-46f7829c542b', 19)

